coco128,mouse,zebra,windows,kangaroos
0.9163825766546361,0.7886820896076415,0.9177259308253902,0.26440980642200096,0.8589805515063704
