"coco128","mouse","zebra","windows","kangaroos"
0.9164516098296622,0.7886546190808504,0.9177409664875392,0.2640026714386894,0.8589632292321352
