coco128,kangaroos
0.9164516098296622,0.8589632292321352
